image_id,full_image_path,question,answer
917Possl-eL,abo-images-small/images/small/3c/3c8b3a28.jpg,What is the background color?,Blue
917Possl-eL,abo-images-small/images/small/3c/3c8b3a28.jpg,Is there a fingerprint scanner?,Yes
917Possl-eL,abo-images-small/images/small/3c/3c8b3a28.jpg,Are there buttons visible?,No
917Possl-eL,abo-images-small/images/small/3c/3c8b3a28.jpg,How many cameras are visible?,One
917Possl-eL,abo-images-small/images/small/3c/3c8b3a28.jpg,Is there a design?,Yes
71JzKMFq09L,abo-images-small/images/small/9b/9b0ca245.jpg,Is text present?,Yes
71JzKMFq09L,abo-images-small/images/small/9b/9b0ca245.jpg,What color is the background?,Pink
71JzKMFq09L,abo-images-small/images/small/9b/9b0ca245.jpg,How many camera holes exist?,Two
71JzKMFq09L,abo-images-small/images/small/9b/9b0ca245.jpg,Is the text cursive?,Partly
71JzKMFq09L,abo-images-small/images/small/9b/9b0ca245.jpg,What is written on the cover?,Girlboss
81PvcjOyaWL,abo-images-small/images/small/dd/dd14b70e.jpg,What word appears twice?,Girl
81PvcjOyaWL,abo-images-small/images/small/dd/dd14b70e.jpg,What color is the phone case?,Pink
81PvcjOyaWL,abo-images-small/images/small/dd/dd14b70e.jpg,Is there a camera cutout?,Yes
81PvcjOyaWL,abo-images-small/images/small/dd/dd14b70e.jpg,What is the case's design?,Sparkle
81PvcjOyaWL,abo-images-small/images/small/dd/dd14b70e.jpg,Is writing present?,Yes
71n2NNSufDL,abo-images-small/images/small/71/71c74b1e.jpg,What is behind the flowers?,Black
71n2NNSufDL,abo-images-small/images/small/71/71c74b1e.jpg,Are there buttons visible?,Yes
71n2NNSufDL,abo-images-small/images/small/71/71c74b1e.jpg,What is the flower color?,Orange
71n2NNSufDL,abo-images-small/images/small/71/71c74b1e.jpg,Is there a camera?,Yes
71n2NNSufDL,abo-images-small/images/small/71/71c74b1e.jpg,Is the cover rectangular?,Yes
81z7Ze8G0rL,abo-images-small/images/small/91/9144a93f.jpg,What is the primary color?,Pink
81z7Ze8G0rL,abo-images-small/images/small/91/9144a93f.jpg,Is there a camera?,Yes
81z7Ze8G0rL,abo-images-small/images/small/91/9144a93f.jpg,Are edges rounded?,Yes
81z7Ze8G0rL,abo-images-small/images/small/91/9144a93f.jpg,Is the color uniform?,No
81z7Ze8G0rL,abo-images-small/images/small/91/9144a93f.jpg,Is the design abstract?,Yes
61y9-cIPKzL,abo-images-small/images/small/be/bead87de.jpg,What is on the cover?,Kitten
61y9-cIPKzL,abo-images-small/images/small/be/bead87de.jpg,What color is the bow?,Pink
61y9-cIPKzL,abo-images-small/images/small/be/bead87de.jpg,What shape is the camera cutout?,Square
61y9-cIPKzL,abo-images-small/images/small/be/bead87de.jpg,How many cameras are visible?,One
61y9-cIPKzL,abo-images-small/images/small/be/bead87de.jpg,What is the background color?,Pink
61lzSE0rPdL,abo-images-small/images/small/86/868bedbc.jpg,How many birds?,Seven
61lzSE0rPdL,abo-images-small/images/small/86/868bedbc.jpg,What shape are decorations?,Heart
61lzSE0rPdL,abo-images-small/images/small/86/868bedbc.jpg,What color is closest bird?,Blue
61lzSE0rPdL,abo-images-small/images/small/86/868bedbc.jpg,Is there camera?,Yes
61lzSE0rPdL,abo-images-small/images/small/86/868bedbc.jpg,Are ports visible?,No
71AIq8uTiyL,abo-images-small/images/small/da/da15d2b8.jpg,What color is the phone case?,Black
71AIq8uTiyL,abo-images-small/images/small/da/da15d2b8.jpg,Are there flowers depicted?,Yes
71AIq8uTiyL,abo-images-small/images/small/da/da15d2b8.jpg,Is there a camera cutout?,Yes
71AIq8uTiyL,abo-images-small/images/small/da/da15d2b8.jpg,Is there a person depicted?,Yes
71AIq8uTiyL,abo-images-small/images/small/da/da15d2b8.jpg,What is the flower color?,Pink
61+lSia3aML,abo-images-small/images/small/91/9199d593.jpg,What letter is visible?,D
61+lSia3aML,abo-images-small/images/small/91/9199d593.jpg,What shape is the object?,Rectangle
61+lSia3aML,abo-images-small/images/small/91/9199d593.jpg,How many colors are present?,Three
61+lSia3aML,abo-images-small/images/small/91/9199d593.jpg,Is there a camera hole?,Yes
61+lSia3aML,abo-images-small/images/small/91/9199d593.jpg,Is there a pattern?,Yes
7156x306CsL,abo-images-small/images/small/5c/5ca36720.jpg,What color is dominant?,Black
7156x306CsL,abo-images-small/images/small/5c/5ca36720.jpg,Is there a cutout?,Yes
7156x306CsL,abo-images-small/images/small/5c/5ca36720.jpg,Are there shapes?,Geometric
7156x306CsL,abo-images-small/images/small/5c/5ca36720.jpg,Is it horizontal?,No
7156x306CsL,abo-images-small/images/small/5c/5ca36720.jpg,Is it patterned?,Yes
71eFNU8zirL,abo-images-small/images/small/d9/d9c7c7ed.jpg,What animal is featured?,Panda
71eFNU8zirL,abo-images-small/images/small/d9/d9c7c7ed.jpg,Are the pandas monochrome?,Yes
71eFNU8zirL,abo-images-small/images/small/d9/d9c7c7ed.jpg,Are all pandas facing forward?,No
71eFNU8zirL,abo-images-small/images/small/d9/d9c7c7ed.jpg,Is there a camera hole?,Yes
71eFNU8zirL,abo-images-small/images/small/d9/d9c7c7ed.jpg,Are the pandas smiling?,Some
61e0Wja8o8L,abo-images-small/images/small/2f/2f12ace3.jpg,What color is the background?,Black
61e0Wja8o8L,abo-images-small/images/small/2f/2f12ace3.jpg,What shape are the light figures?,Stars
61e0Wja8o8L,abo-images-small/images/small/2f/2f12ace3.jpg,Is there a camera hole?,Yes
61e0Wja8o8L,abo-images-small/images/small/2f/2f12ace3.jpg,How many corners does the object have?,Four
61e0Wja8o8L,abo-images-small/images/small/2f/2f12ace3.jpg,Is the design colorful?,No
71V+wuSxe7L,abo-images-small/images/small/a7/a7f70dfc.jpg,What is the background color?,Orange
71V+wuSxe7L,abo-images-small/images/small/a7/a7f70dfc.jpg,How many giraffes exist?,Two
71V+wuSxe7L,abo-images-small/images/small/a7/a7f70dfc.jpg,Is there a tree?,Yes
71V+wuSxe7L,abo-images-small/images/small/a7/a7f70dfc.jpg,What's behind giraffes?,Sun
71V+wuSxe7L,abo-images-small/images/small/a7/a7f70dfc.jpg,What's depicted?,Sunset
71mWIKA2CEL,abo-images-small/images/small/d1/d12feca8.jpg,What device is pictured?,Phone
71mWIKA2CEL,abo-images-small/images/small/d1/d12feca8.jpg,What word is written?,Dreaming
71mWIKA2CEL,abo-images-small/images/small/d1/d12feca8.jpg,Is there a face?,Yes
71mWIKA2CEL,abo-images-small/images/small/d1/d12feca8.jpg,What color is the background?,White
71mWIKA2CEL,abo-images-small/images/small/d1/d12feca8.jpg,How many cameras are visible?,Two
719rGDS1GWL,abo-images-small/images/small/e7/e7a6f42d.jpg,What shape is the moon?,Circle
719rGDS1GWL,abo-images-small/images/small/e7/e7a6f42d.jpg,How many circles are visible?,Two
719rGDS1GWL,abo-images-small/images/small/e7/e7a6f42d.jpg,Is it daytime?,No
719rGDS1GWL,abo-images-small/images/small/e7/e7a6f42d.jpg,Is there a camera?,Yes
719rGDS1GWL,abo-images-small/images/small/e7/e7a6f42d.jpg,What is reflected?,Moon
71-eGHzJNlL,abo-images-small/images/small/dd/dd87bcbc.jpg,What color is prominent near the upper right?,Yellow
71-eGHzJNlL,abo-images-small/images/small/dd/dd87bcbc.jpg,Is there a camera cutout visible?,Yes
71-eGHzJNlL,abo-images-small/images/small/dd/dd87bcbc.jpg,What color is the largest area?,Red
71-eGHzJNlL,abo-images-small/images/small/dd/dd87bcbc.jpg,Is there white present?,Yes
71-eGHzJNlL,abo-images-small/images/small/dd/dd87bcbc.jpg,What shape is the cover?,Rectangular
81uv3uqpXOL,abo-images-small/images/small/a6/a6367838.jpg,Is the phone case sparkly?,Yes
81uv3uqpXOL,abo-images-small/images/small/a6/a6367838.jpg,What is the predominant color?,Gold
81uv3uqpXOL,abo-images-small/images/small/a6/a6367838.jpg,Is there a camera cutout?,Yes
81uv3uqpXOL,abo-images-small/images/small/a6/a6367838.jpg,Is the case symmetrical?,Yes
81uv3uqpXOL,abo-images-small/images/small/a6/a6367838.jpg,Are there cutouts at bottom?,Yes
71GUtwnI7OL,abo-images-small/images/small/d6/d6274c5e.jpg,What shape is the camera hole?,Oval
71GUtwnI7OL,abo-images-small/images/small/d6/d6274c5e.jpg,What color is at the top?,Yellow
71GUtwnI7OL,abo-images-small/images/small/d6/d6274c5e.jpg,Is there pink?,Yes
71GUtwnI7OL,abo-images-small/images/small/d6/d6274c5e.jpg,What design is present?,Abstract
71GUtwnI7OL,abo-images-small/images/small/d6/d6274c5e.jpg,What color is predominantly present?,Blue
71dU73B9Z1L,abo-images-small/images/small/65/6587dbb5.jpg,What color is the background?,Black
71dU73B9Z1L,abo-images-small/images/small/65/6587dbb5.jpg,Is there a camera?,Yes
71dU73B9Z1L,abo-images-small/images/small/65/6587dbb5.jpg,Is the pattern symmetrical?,No
71dU73B9Z1L,abo-images-small/images/small/65/6587dbb5.jpg,What shape dominates the pattern?,Leaf
71dU73B9Z1L,abo-images-small/images/small/65/6587dbb5.jpg,Is the case rectangular?,Yes
61tfnWCtCgL,abo-images-small/images/small/ff/ff950096.jpg,Is there a bow?,Yes
61tfnWCtCgL,abo-images-small/images/small/ff/ff950096.jpg,What color is the case?,Pink
61tfnWCtCgL,abo-images-small/images/small/ff/ff950096.jpg,What animal is featured?,Cat
61tfnWCtCgL,abo-images-small/images/small/ff/ff950096.jpg,Are there buttons visible?,Yes
61tfnWCtCgL,abo-images-small/images/small/ff/ff950096.jpg,What shape is the lens?,Oval
81CB3yZ225L,abo-images-small/images/small/30/307b03a0.jpg,Is there a camera?,Yes
81CB3yZ225L,abo-images-small/images/small/30/307b03a0.jpg,What color is the bottom?,Orange
81CB3yZ225L,abo-images-small/images/small/30/307b03a0.jpg,Are there red shapes?,Yes
81CB3yZ225L,abo-images-small/images/small/30/307b03a0.jpg,What is the shape?,Rectangle
81CB3yZ225L,abo-images-small/images/small/30/307b03a0.jpg,Is the background white?,Yes
61Ivk8hRHrL,abo-images-small/images/small/5f/5fdc825f.jpg,Is there an anchor?,Yes
61Ivk8hRHrL,abo-images-small/images/small/5f/5fdc825f.jpg,What time is shown?,1:41
61Ivk8hRHrL,abo-images-small/images/small/5f/5fdc825f.jpg,Is there a camera?,Yes
61Ivk8hRHrL,abo-images-small/images/small/5f/5fdc825f.jpg,What color is the phone?,Blue
61Ivk8hRHrL,abo-images-small/images/small/5f/5fdc825f.jpg,Is it September?,Yes
61aicwYviLL,abo-images-small/images/small/f0/f0b4a416.jpg,What animal is depicted?,Cat
61aicwYviLL,abo-images-small/images/small/f0/f0b4a416.jpg,What color is the background?,Pink
61aicwYviLL,abo-images-small/images/small/f0/f0b4a416.jpg,Is there a hole for camera?,Yes
61aicwYviLL,abo-images-small/images/small/f0/f0b4a416.jpg,What fruit is pictured?,Strawberry
61aicwYviLL,abo-images-small/images/small/f0/f0b4a416.jpg,What color are the eyes?,Blue
71fh0gpm4IL,abo-images-small/images/small/09/092d1713.jpg,What insect is pictured?,Butterfly
71fh0gpm4IL,abo-images-small/images/small/09/092d1713.jpg,What color is the background?,Blue
71fh0gpm4IL,abo-images-small/images/small/09/092d1713.jpg,How many butterflies are shown?,Three
71fh0gpm4IL,abo-images-small/images/small/09/092d1713.jpg,Is the case clear?,No
71fh0gpm4IL,abo-images-small/images/small/09/092d1713.jpg,What direction are the butterflies flying?,Upward
61BwoMW-AdL,abo-images-small/images/small/cf/cf9f5a3a.jpg,How many hearts?,Two
61BwoMW-AdL,abo-images-small/images/small/cf/cf9f5a3a.jpg,What shape are the decorations?,Spherical
61BwoMW-AdL,abo-images-small/images/small/cf/cf9f5a3a.jpg,What color are the hearts?,Pink
61BwoMW-AdL,abo-images-small/images/small/cf/cf9f5a3a.jpg,Is there a camera?,Yes
61BwoMW-AdL,abo-images-small/images/small/cf/cf9f5a3a.jpg,Is the background clear?,Blurry
81QHjtKdHSL,abo-images-small/images/small/9e/9e27c961.jpg,Is glitter present?,Yes
81QHjtKdHSL,abo-images-small/images/small/9e/9e27c961.jpg,Is there a camera cutout?,Yes
81QHjtKdHSL,abo-images-small/images/small/9e/9e27c961.jpg,What is the dominant color?,Gold
81QHjtKdHSL,abo-images-small/images/small/9e/9e27c961.jpg,Is the case opaque?,Yes
81QHjtKdHSL,abo-images-small/images/small/9e/9e27c961.jpg,Is this rectangular?,Yes
81cXlEyRnpL,abo-images-small/images/small/ab/ab722c79.jpg,Is there a camera?,Yes
81cXlEyRnpL,abo-images-small/images/small/ab/ab722c79.jpg,What color is dominant?,Brown
81cXlEyRnpL,abo-images-small/images/small/ab/ab722c79.jpg,Is the surface textured?,Yes
81cXlEyRnpL,abo-images-small/images/small/ab/ab722c79.jpg,Is the object rectangular?,Yes
81cXlEyRnpL,abo-images-small/images/small/ab/ab722c79.jpg,Is there an opening?,One
61hqzRoP9oL,abo-images-small/images/small/b8/b840877e.jpg,"Is ""love"" written?",Yes
61hqzRoP9oL,abo-images-small/images/small/b8/b840877e.jpg,What shape is the camera cutout?,Oval
61hqzRoP9oL,abo-images-small/images/small/b8/b840877e.jpg,What color is the bottom text?,Red
61hqzRoP9oL,abo-images-small/images/small/b8/b840877e.jpg,Is the phone's logo visible?,Yes
61hqzRoP9oL,abo-images-small/images/small/b8/b840877e.jpg,Are there port cutouts?,Two
71Zsq8pCmkL,abo-images-small/images/small/b4/b4e1fb9e.jpg,Is the shoe laced?,Yes
71Zsq8pCmkL,abo-images-small/images/small/b4/b4e1fb9e.jpg,What color is the sole?,White
71Zsq8pCmkL,abo-images-small/images/small/b4/b4e1fb9e.jpg,What is the shoe's closure?,Lace
71Zsq8pCmkL,abo-images-small/images/small/b4/b4e1fb9e.jpg,What is the shoe's main color?,Red
71Zsq8pCmkL,abo-images-small/images/small/b4/b4e1fb9e.jpg,Is the shoe high-heeled?,No
61BZI8wCcjL,abo-images-small/images/small/78/786013ce.jpg,What color is the background?,Pink
61BZI8wCcjL,abo-images-small/images/small/78/786013ce.jpg,How many hearts are present?,Two
61BZI8wCcjL,abo-images-small/images/small/78/786013ce.jpg,What shape is the black circle?,Round
61BZI8wCcjL,abo-images-small/images/small/78/786013ce.jpg,How many owls are visible?,Two
61BZI8wCcjL,abo-images-small/images/small/78/786013ce.jpg,What object are the owls sitting on?,Branch
71biPz3ptQL,abo-images-small/images/small/82/822934dd.jpg,Is there a teacup?,Yes
71biPz3ptQL,abo-images-small/images/small/82/822934dd.jpg,What shape is the cup's smile?,Curved
71biPz3ptQL,abo-images-small/images/small/82/822934dd.jpg,How many lenses are visible?,Two
71biPz3ptQL,abo-images-small/images/small/82/822934dd.jpg,Is there a tower?,Yes
71biPz3ptQL,abo-images-small/images/small/82/822934dd.jpg,What color is part of the pencil?,Pink
71qRvgmq-LL,abo-images-small/images/small/19/190e0678.jpg,How many people?,Two
71qRvgmq-LL,abo-images-small/images/small/19/190e0678.jpg,What color is background?,Black
71qRvgmq-LL,abo-images-small/images/small/19/190e0678.jpg,Are there hearts?,Yes
71qRvgmq-LL,abo-images-small/images/small/19/190e0678.jpg,Is the phone vertical?,Yes
71qRvgmq-LL,abo-images-small/images/small/19/190e0678.jpg,Is there a bucket?,Yes
61ato76QV9L,abo-images-small/images/small/75/75d67dd0.jpg,What is the phone's color?,Black
61ato76QV9L,abo-images-small/images/small/75/75d67dd0.jpg,How many lips are visible?,Two
61ato76QV9L,abo-images-small/images/small/75/75d67dd0.jpg,Is the text colorful?,Yes
61ato76QV9L,abo-images-small/images/small/75/75d67dd0.jpg,Is there a camera?,Yes
61ato76QV9L,abo-images-small/images/small/75/75d67dd0.jpg,Is text visible?,Sweet
71xGNMipPUL,abo-images-small/images/small/37/37d70007.jpg,Is there a dog?,Yes
71xGNMipPUL,abo-images-small/images/small/37/37d70007.jpg,What color is the ear?,Brown
71xGNMipPUL,abo-images-small/images/small/37/37d70007.jpg,Is the dog chewing?,Yes
71xGNMipPUL,abo-images-small/images/small/37/37d70007.jpg,How many eyes are visible?,One
71xGNMipPUL,abo-images-small/images/small/37/37d70007.jpg,Is there a camera?,Yes
81UGsAdgR3L,abo-images-small/images/small/8f/8f371716.jpg,Is the phone case rectangular?,Yes
81UGsAdgR3L,abo-images-small/images/small/8f/8f371716.jpg,What color is the case?,Gold
81UGsAdgR3L,abo-images-small/images/small/8f/8f371716.jpg,Is there a camera cutout?,Yes
81UGsAdgR3L,abo-images-small/images/small/8f/8f371716.jpg,Is the design glittery?,Yes
81UGsAdgR3L,abo-images-small/images/small/8f/8f371716.jpg,Is the case patterned?,Yes
519aiSnqruL,abo-images-small/images/small/a8/a893b327.jpg,Is the lampshade white?,Yes
519aiSnqruL,abo-images-small/images/small/a8/a893b327.jpg,What shape is the shade?,Tapered
519aiSnqruL,abo-images-small/images/small/a8/a893b327.jpg,Is the base metallic?,Yes
519aiSnqruL,abo-images-small/images/small/a8/a893b327.jpg,How many legs does base have?,Many
519aiSnqruL,abo-images-small/images/small/a8/a893b327.jpg,Is the lamp on?,Off
71vMHHonVpL,abo-images-small/images/small/af/afeed073.jpg,Is the phone cover black?,Yes
71vMHHonVpL,abo-images-small/images/small/af/afeed073.jpg,What shape is the pattern?,Circle
71vMHHonVpL,abo-images-small/images/small/af/afeed073.jpg,Is there a camera cutout?,Yes
71vMHHonVpL,abo-images-small/images/small/af/afeed073.jpg,Are there colors besides black?,White
71vMHHonVpL,abo-images-small/images/small/af/afeed073.jpg,Is the cover glossy?,No
81rvdWrkhLL,abo-images-small/images/small/a3/a364020c.jpg,What is the dominant color?,Blue
81rvdWrkhLL,abo-images-small/images/small/a3/a364020c.jpg,Is there a camera cutout?,Yes
81rvdWrkhLL,abo-images-small/images/small/a3/a364020c.jpg,What is the shape?,Rectangle
81rvdWrkhLL,abo-images-small/images/small/a3/a364020c.jpg,Are there any lines?,Yes
81rvdWrkhLL,abo-images-small/images/small/a3/a364020c.jpg,Is there a button showing?,Circle
81G5KdMFl8L,abo-images-small/images/small/7f/7f2c9a31.jpg,What shape is the case?,Rectangular
81G5KdMFl8L,abo-images-small/images/small/7f/7f2c9a31.jpg,Is there a camera cutout?,Yes
81G5KdMFl8L,abo-images-small/images/small/7f/7f2c9a31.jpg,What pattern covers the case?,Bricks
81G5KdMFl8L,abo-images-small/images/small/7f/7f2c9a31.jpg,What color are the bricks?,Orange
81G5KdMFl8L,abo-images-small/images/small/7f/7f2c9a31.jpg,Are there horizontal lines?,Yes
71qyi42IJkL,abo-images-small/images/small/59/5960f15b.jpg,What color is this?,Black
71qyi42IJkL,abo-images-small/images/small/59/5960f15b.jpg,Is there a sole?,Yes
71qyi42IJkL,abo-images-small/images/small/59/5960f15b.jpg,What direction is the slipper facing?,Left
71qyi42IJkL,abo-images-small/images/small/59/5960f15b.jpg,Is there visible fur?,Yes
71qyi42IJkL,abo-images-small/images/small/59/5960f15b.jpg,Is this a pair?,No
71jrWCRxc6L,abo-images-small/images/small/89/8921f952.jpg,What color is the sole?,Black
71jrWCRxc6L,abo-images-small/images/small/89/8921f952.jpg,Is this sandal open?,Yes
71jrWCRxc6L,abo-images-small/images/small/89/8921f952.jpg,What color is the strap?,White
71jrWCRxc6L,abo-images-small/images/small/89/8921f952.jpg,Is the sandal right-facing?,Yes
71jrWCRxc6L,abo-images-small/images/small/89/8921f952.jpg,Is there a toe post?,Yes
716qZeXEseL,abo-images-small/images/small/02/02e2282a.jpg,What color is her headband?,Brown
716qZeXEseL,abo-images-small/images/small/02/02e2282a.jpg,Is there writing?,Yes
716qZeXEseL,abo-images-small/images/small/02/02e2282a.jpg,What is she holding?,Bottle
716qZeXEseL,abo-images-small/images/small/02/02e2282a.jpg,How many eyes are open?,One
716qZeXEseL,abo-images-small/images/small/02/02e2282a.jpg,Does it have a camera?,Yes
71VFfPJ-1KL,abo-images-small/images/small/1b/1ba9c5b8.jpg,Is animal visible?,Yes
71VFfPJ-1KL,abo-images-small/images/small/1b/1ba9c5b8.jpg,What color are the eyes?,Green
71VFfPJ-1KL,abo-images-small/images/small/1b/1ba9c5b8.jpg,Is it covered?,Yes
71VFfPJ-1KL,abo-images-small/images/small/1b/1ba9c5b8.jpg,Is it lying?,Yes
71VFfPJ-1KL,abo-images-small/images/small/1b/1ba9c5b8.jpg,Does the cover have holes?,Yes
81GMVUTKaEL,abo-images-small/images/small/86/86df8d7f.jpg,What shape are most of the designs?,Triangle
81GMVUTKaEL,abo-images-small/images/small/86/86df8d7f.jpg,Is there a cutout for a camera?,Yes
81GMVUTKaEL,abo-images-small/images/small/86/86df8d7f.jpg,What is the background color?,White
81GMVUTKaEL,abo-images-small/images/small/86/86df8d7f.jpg,Is the object rectangular?,Yes
81GMVUTKaEL,abo-images-small/images/small/86/86df8d7f.jpg,How many cameras are visible?,One
61nogaiXjWL,abo-images-small/images/small/9a/9ab5eebc.jpg,How many cameras?,One
61nogaiXjWL,abo-images-small/images/small/9a/9ab5eebc.jpg,What shape is the background?,Diagonal
61nogaiXjWL,abo-images-small/images/small/9a/9ab5eebc.jpg,What is the main color?,Pink
61nogaiXjWL,abo-images-small/images/small/9a/9ab5eebc.jpg,Is there a car?,Yes
61nogaiXjWL,abo-images-small/images/small/9a/9ab5eebc.jpg,What shape is the phone?,Rectangle
71awHezKILL,abo-images-small/images/small/60/606185d9.jpg,What shape is dominant?,Rectangular
71awHezKILL,abo-images-small/images/small/60/606185d9.jpg,How many colors are visible?,Several
71awHezKILL,abo-images-small/images/small/60/606185d9.jpg,Is there a camera opening?,Yes
71awHezKILL,abo-images-small/images/small/60/606185d9.jpg,Is the pattern geometric?,Yes
71awHezKILL,abo-images-small/images/small/60/606185d9.jpg,Is any yellow present?,Yes
71FuAHjLBtL,abo-images-small/images/small/0a/0a7ed963.jpg,Are there stars?,Yes
71FuAHjLBtL,abo-images-small/images/small/0a/0a7ed963.jpg,Is there a rainbow?,Yes
71FuAHjLBtL,abo-images-small/images/small/0a/0a7ed963.jpg,Are there flowers?,Yes
71FuAHjLBtL,abo-images-small/images/small/0a/0a7ed963.jpg,What color is the largest heart?,Pink
71FuAHjLBtL,abo-images-small/images/small/0a/0a7ed963.jpg,Are there clouds?,Yes
71iYecBKbVL,abo-images-small/images/small/64/644b4dad.jpg,What is the predominant color of the jacket?,Yellow
71iYecBKbVL,abo-images-small/images/small/64/644b4dad.jpg,Is there a mountain present?,Yes
71iYecBKbVL,abo-images-small/images/small/64/644b4dad.jpg,What kind of waterbody is displayed?,Lake
71iYecBKbVL,abo-images-small/images/small/64/644b4dad.jpg,Is there a boat?,Yes
71iYecBKbVL,abo-images-small/images/small/64/644b4dad.jpg,Is there a person?,Yes
81ZeHojx7nL,abo-images-small/images/small/6c/6c03b3ad.jpg,Is it rectangular?,Yes
81ZeHojx7nL,abo-images-small/images/small/6c/6c03b3ad.jpg,What's the prominent design?,Leaf
81ZeHojx7nL,abo-images-small/images/small/6c/6c03b3ad.jpg,Are cutouts present?,Yes
81ZeHojx7nL,abo-images-small/images/small/6c/6c03b3ad.jpg,How many camera holes?,Two
81ZeHojx7nL,abo-images-small/images/small/6c/6c03b3ad.jpg,What color is it?,Multicolored
61++d2oFlGL,abo-images-small/images/small/0d/0d0cc8e8.jpg,How many cameras?,Two
61++d2oFlGL,abo-images-small/images/small/0d/0d0cc8e8.jpg,Is it pink?,Yes
61++d2oFlGL,abo-images-small/images/small/0d/0d0cc8e8.jpg,What shape is the diagonal?,Straight
61++d2oFlGL,abo-images-small/images/small/0d/0d0cc8e8.jpg,What object is present?,Car
61++d2oFlGL,abo-images-small/images/small/0d/0d0cc8e8.jpg,What color is the car?,Blue
714J0DnZwvL,abo-images-small/images/small/23/23ee5b44.jpg,Is the background white?,Yes
714J0DnZwvL,abo-images-small/images/small/23/23ee5b44.jpg,What shape are the repeating pattern?,Circle
714J0DnZwvL,abo-images-small/images/small/23/23ee5b44.jpg,What color is the top?,Black
714J0DnZwvL,abo-images-small/images/small/23/23ee5b44.jpg,Is there a camera hole?,Yes
714J0DnZwvL,abo-images-small/images/small/23/23ee5b44.jpg,Is the case rectangular?,Yes
71qCxh+TfzL,abo-images-small/images/small/2e/2ea5ef4f.jpg,Is there a camera?,Yes
71qCxh+TfzL,abo-images-small/images/small/2e/2ea5ef4f.jpg,Is the cactus green?,Yes
71qCxh+TfzL,abo-images-small/images/small/2e/2ea5ef4f.jpg,Are there thorns?,Yes
71qCxh+TfzL,abo-images-small/images/small/2e/2ea5ef4f.jpg,Is the background dark?,Yes
71qCxh+TfzL,abo-images-small/images/small/2e/2ea5ef4f.jpg,Is the plant tall?,Yes
71dyNY9NpFL,abo-images-small/images/small/58/58f8337e.jpg,What is the case's background?,Black
71dyNY9NpFL,abo-images-small/images/small/58/58f8337e.jpg,Are flowers depicted?,Yes
71dyNY9NpFL,abo-images-small/images/small/58/58f8337e.jpg,What color are the flowers?,Pink
71dyNY9NpFL,abo-images-small/images/small/58/58f8337e.jpg,Is there a camera hole?,Yes
71dyNY9NpFL,abo-images-small/images/small/58/58f8337e.jpg,Are blossoms visible?,Yes
81W8vHU0JyL,abo-images-small/images/small/a2/a29d7934.jpg,Is the surface textured?,Yes
81W8vHU0JyL,abo-images-small/images/small/a2/a29d7934.jpg,Is there a camera hole?,Yes
81W8vHU0JyL,abo-images-small/images/small/a2/a29d7934.jpg,Is the design symmetrical?,Yes
81W8vHU0JyL,abo-images-small/images/small/a2/a29d7934.jpg,Is the object rectangular?,Yes
81W8vHU0JyL,abo-images-small/images/small/a2/a29d7934.jpg,What pattern is visible?,Woven
71SZZpjHULL,abo-images-small/images/small/77/779eccc2.jpg,Are there trees?,Yes
71SZZpjHULL,abo-images-small/images/small/77/779eccc2.jpg,Is there snow?,Yes
71SZZpjHULL,abo-images-small/images/small/77/779eccc2.jpg,Is it day?,Yes
71SZZpjHULL,abo-images-small/images/small/77/779eccc2.jpg,Is there a lake?,Yes
71SZZpjHULL,abo-images-small/images/small/77/779eccc2.jpg,What color is water?,Blue
717B02sRraL,abo-images-small/images/small/27/276c27c0.jpg,Is text present?,Yes
717B02sRraL,abo-images-small/images/small/27/276c27c0.jpg,What is the color of the case?,Black
717B02sRraL,abo-images-small/images/small/27/276c27c0.jpg,Is there a camera hole?,Yes
717B02sRraL,abo-images-small/images/small/27/276c27c0.jpg,Is there a design?,Yes
717B02sRraL,abo-images-small/images/small/27/276c27c0.jpg,What phrase is written?,Daddy's
71xlLuBO8wL,abo-images-small/images/small/22/226e39b0.jpg,Is there a hole?,Yes
71xlLuBO8wL,abo-images-small/images/small/22/226e39b0.jpg,What color is it?,Brown
71xlLuBO8wL,abo-images-small/images/small/22/226e39b0.jpg,Is the cover rectangular?,Yes
71xlLuBO8wL,abo-images-small/images/small/22/226e39b0.jpg,Are there circles visible?,Two
71xlLuBO8wL,abo-images-small/images/small/22/226e39b0.jpg,Is there a flash?,Yes
71doYRsy2IL,abo-images-small/images/small/dd/ddc789e0.jpg,Is a face present?,Yes
71doYRsy2IL,abo-images-small/images/small/dd/ddc789e0.jpg,What is the case's color?,Multi-colored
71doYRsy2IL,abo-images-small/images/small/dd/ddc789e0.jpg,Is the case design 2D?,No
71doYRsy2IL,abo-images-small/images/small/dd/ddc789e0.jpg,Is there a cutout?,Yes
71doYRsy2IL,abo-images-small/images/small/dd/ddc789e0.jpg,Is there a nose shown?,Yes
71eJaaPWrdL,abo-images-small/images/small/fc/fc5120cf.jpg,What is the predominant color?,Yellow
71eJaaPWrdL,abo-images-small/images/small/fc/fc5120cf.jpg,Is the horizon visible?,Yes
71eJaaPWrdL,abo-images-small/images/small/fc/fc5120cf.jpg,What is depicted on the case?,Landscape
71eJaaPWrdL,abo-images-small/images/small/fc/fc5120cf.jpg,Is there any vegetation?,Yes
71eJaaPWrdL,abo-images-small/images/small/fc/fc5120cf.jpg,Is the sun visible?,Yes
71TFofUKBfL,abo-images-small/images/small/12/12a1e32e.jpg,Is there corn?,Yes
71TFofUKBfL,abo-images-small/images/small/12/12a1e32e.jpg,Are husks present?,Yes
71TFofUKBfL,abo-images-small/images/small/12/12a1e32e.jpg,What shape is it?,Rectangular
71TFofUKBfL,abo-images-small/images/small/12/12a1e32e.jpg,Is there a camera hole?,Yes
71TFofUKBfL,abo-images-small/images/small/12/12a1e32e.jpg,Are there multiple ears?,Yes
7194x+C3EJL,abo-images-small/images/small/9b/9b0613fd.jpg,Is text present?,Yes
7194x+C3EJL,abo-images-small/images/small/9b/9b0613fd.jpg,What color is the cover?,White
7194x+C3EJL,abo-images-small/images/small/9b/9b0613fd.jpg,Are buttons visible?,No
7194x+C3EJL,abo-images-small/images/small/9b/9b0613fd.jpg,How many words are displayed?,Three
7194x+C3EJL,abo-images-small/images/small/9b/9b0613fd.jpg,Is camera shown?,Yes
71Y3VJWLoJL,abo-images-small/images/small/b8/b8987229.jpg,What shape is the object?,Rectangular
71Y3VJWLoJL,abo-images-small/images/small/b8/b8987229.jpg,How many cameras are visible?,Two
71Y3VJWLoJL,abo-images-small/images/small/b8/b8987229.jpg,What is the dominant color?,Red
71Y3VJWLoJL,abo-images-small/images/small/b8/b8987229.jpg,Is there a fingerprint scanner?,Yes
71Y3VJWLoJL,abo-images-small/images/small/b8/b8987229.jpg,Are ports visible?,No
71OgWLSn37L,abo-images-small/images/small/42/424ead52.jpg,Is the phone case pink?,Yes
71OgWLSn37L,abo-images-small/images/small/42/424ead52.jpg,Are there flowers?,Yes
71OgWLSn37L,abo-images-small/images/small/42/424ead52.jpg,Is there a lens?,Yes
71OgWLSn37L,abo-images-small/images/small/42/424ead52.jpg,Is it rectangular?,Yes
71OgWLSn37L,abo-images-small/images/small/42/424ead52.jpg,Is it floral?,Yes
61E+7uwi-cL,abo-images-small/images/small/30/30834e0b.jpg,What color is the background?,Pink
61E+7uwi-cL,abo-images-small/images/small/30/30834e0b.jpg,How many lenses are visible?,Three
61E+7uwi-cL,abo-images-small/images/small/30/30834e0b.jpg,Is there a bow?,Yes
61E+7uwi-cL,abo-images-small/images/small/30/30834e0b.jpg,What is below the kittens?,Bottom
61E+7uwi-cL,abo-images-small/images/small/30/30834e0b.jpg,How many guitars are shown?,Two
71EqvVSfUML,abo-images-small/images/small/94/94c1f9fe.jpg,Is there a mountain?,Yes
71EqvVSfUML,abo-images-small/images/small/94/94c1f9fe.jpg,What color is the sky?,Orange
71EqvVSfUML,abo-images-small/images/small/94/94c1f9fe.jpg,Is there a camera?,Yes
71EqvVSfUML,abo-images-small/images/small/94/94c1f9fe.jpg,Is there a road?,Yes
71EqvVSfUML,abo-images-small/images/small/94/94c1f9fe.jpg,Is it cloudy?,Yes
61UEZIZDw6L,abo-images-small/images/small/c3/c37b4c93.jpg,Is the cover black?,Yes
61UEZIZDw6L,abo-images-small/images/small/c3/c37b4c93.jpg,Are there stars?,Yes
61UEZIZDw6L,abo-images-small/images/small/c3/c37b4c93.jpg,What color are stars?,White
61UEZIZDw6L,abo-images-small/images/small/c3/c37b4c93.jpg,Is there a logo?,Yes
61UEZIZDw6L,abo-images-small/images/small/c3/c37b4c93.jpg,Is this rectangular?,Yes
71y0FCk0sGL,abo-images-small/images/small/7f/7ffab12d.jpg,How many giraffes?,Two
71y0FCk0sGL,abo-images-small/images/small/7f/7ffab12d.jpg,Is sun setting?,Yes
71y0FCk0sGL,abo-images-small/images/small/7f/7ffab12d.jpg,What color is the sky?,Orange
71y0FCk0sGL,abo-images-small/images/small/7f/7ffab12d.jpg,Does it have tree?,Yes
71y0FCk0sGL,abo-images-small/images/small/7f/7ffab12d.jpg,Is landscape printed?,Yes
71fVurP+FaL,abo-images-small/images/small/70/70923846.jpg,What number is formed?,Nine
71fVurP+FaL,abo-images-small/images/small/70/70923846.jpg,What color is the case?,Orange
71fVurP+FaL,abo-images-small/images/small/70/70923846.jpg,Is there a camera?,Yes
71fVurP+FaL,abo-images-small/images/small/70/70923846.jpg,What shape is the chain?,Number
71fVurP+FaL,abo-images-small/images/small/70/70923846.jpg,Are there multiple camera lenses?,Three
81Nkq-xGl8L,abo-images-small/images/small/79/792bb594.jpg,Is there a camera?,Yes
81Nkq-xGl8L,abo-images-small/images/small/79/792bb594.jpg,What is the shape?,Rectangular
81Nkq-xGl8L,abo-images-small/images/small/79/792bb594.jpg,What color is the case?,Gray
81Nkq-xGl8L,abo-images-small/images/small/79/792bb594.jpg,Is the surface smooth?,No
81Nkq-xGl8L,abo-images-small/images/small/79/792bb594.jpg,Is there a flash?,Yes
718kANMkhyL,abo-images-small/images/small/b2/b2340077.jpg,What color is the central design?,Blue
718kANMkhyL,abo-images-small/images/small/b2/b2340077.jpg,Is there a camera hole?,Yes
718kANMkhyL,abo-images-small/images/small/b2/b2340077.jpg,Is the design symmetrical?,Yes
718kANMkhyL,abo-images-small/images/small/b2/b2340077.jpg,What shape are the buttons?,Oval
718kANMkhyL,abo-images-small/images/small/b2/b2340077.jpg,Are there flowers?,Yes
713fzzvkenL,abo-images-small/images/small/39/39bdb7b8.jpg,Are there butterflies?,Yes
713fzzvkenL,abo-images-small/images/small/39/39bdb7b8.jpg,What is the background color?,Black
713fzzvkenL,abo-images-small/images/small/39/39bdb7b8.jpg,How many cameras are visible?,Three
713fzzvkenL,abo-images-small/images/small/39/39bdb7b8.jpg,What color are the butterflies?,Gold
713fzzvkenL,abo-images-small/images/small/39/39bdb7b8.jpg,Is it a phone case?,Yes
71+dvHoR7NL,abo-images-small/images/small/13/135f93bc.jpg,What color is the background?,Yellow
71+dvHoR7NL,abo-images-small/images/small/13/135f93bc.jpg,Is the subject facing forward?,Yes
71+dvHoR7NL,abo-images-small/images/small/13/135f93bc.jpg,What color is her hair?,Blonde
71+dvHoR7NL,abo-images-small/images/small/13/135f93bc.jpg,How many hands are visible?,One
71+dvHoR7NL,abo-images-small/images/small/13/135f93bc.jpg,What is she wearing?,Dress
611dxJuHKBL,abo-images-small/images/small/aa/aac582b9.jpg,Is the case black?,Yes
611dxJuHKBL,abo-images-small/images/small/aa/aac582b9.jpg,Does the case have a crown?,Yes
611dxJuHKBL,abo-images-small/images/small/aa/aac582b9.jpg,Is the case rectangular?,Yes
611dxJuHKBL,abo-images-small/images/small/aa/aac582b9.jpg,Is there a camera cutout?,Yes
611dxJuHKBL,abo-images-small/images/small/aa/aac582b9.jpg,Is there text?,Queen
61zFUlF5d7L,abo-images-small/images/small/e3/e38fee0e.jpg,Is there a bow?,Yes
61zFUlF5d7L,abo-images-small/images/small/e3/e38fee0e.jpg,Is the cover pink?,Pink
61zFUlF5d7L,abo-images-small/images/small/e3/e38fee0e.jpg,Does it have eyes?,Yes
61zFUlF5d7L,abo-images-small/images/small/e3/e38fee0e.jpg,What animal is depicted?,Cat
61zFUlF5d7L,abo-images-small/images/small/e3/e38fee0e.jpg,Is it white?,Yes
81CxF0yUEEL,abo-images-small/images/small/76/769ab0f5.jpg,Is there a camera?,Yes
81CxF0yUEEL,abo-images-small/images/small/76/769ab0f5.jpg,Is there a sphere?,Yes
81CxF0yUEEL,abo-images-small/images/small/76/769ab0f5.jpg,Is it outdoors?,Yes
81CxF0yUEEL,abo-images-small/images/small/76/769ab0f5.jpg,What shape is it?,Rectangular
81CxF0yUEEL,abo-images-small/images/small/76/769ab0f5.jpg,Is it smooth?,Seemingly
71cVanoJRPL,abo-images-small/images/small/b7/b72cd9a4.jpg,What shape are the figures?,Stars
71cVanoJRPL,abo-images-small/images/small/b7/b72cd9a4.jpg,Is the object rectangular?,Yes
71cVanoJRPL,abo-images-small/images/small/b7/b72cd9a4.jpg,What is the dominant color?,Pink
71cVanoJRPL,abo-images-small/images/small/b7/b72cd9a4.jpg,How many camera holes are visible?,One
71cVanoJRPL,abo-images-small/images/small/b7/b72cd9a4.jpg,Are figures overlapping?,Yes
81ff324yyuL,abo-images-small/images/small/d8/d87f6581.jpg,Is there a camera?,Yes
81ff324yyuL,abo-images-small/images/small/d8/d87f6581.jpg,What main color is near the top?,Orange
81ff324yyuL,abo-images-small/images/small/d8/d87f6581.jpg,Is the cover rectangular?,Yes
81ff324yyuL,abo-images-small/images/small/d8/d87f6581.jpg,What color is near the bottom?,Yellow
81ff324yyuL,abo-images-small/images/small/d8/d87f6581.jpg,Is there white?,Yes
71e1uOpGHpL,abo-images-small/images/small/c5/c5aef8b1.jpg,Is the cover red?,Yes
71e1uOpGHpL,abo-images-small/images/small/c5/c5aef8b1.jpg,Is the camera visible?,Yes
71e1uOpGHpL,abo-images-small/images/small/c5/c5aef8b1.jpg,Is the cover patterned?,Yes
71e1uOpGHpL,abo-images-small/images/small/c5/c5aef8b1.jpg,Is the cover rectangular?,Yes
71e1uOpGHpL,abo-images-small/images/small/c5/c5aef8b1.jpg,What color is the camera?,Black
81X1e3HDuhL,abo-images-small/images/small/ab/ab3e28ae.jpg,What shape is the phone?,Rectangle
81X1e3HDuhL,abo-images-small/images/small/ab/ab3e28ae.jpg,How many camera lenses?,Two
81X1e3HDuhL,abo-images-small/images/small/ab/ab3e28ae.jpg,What color is dominant?,Orange
81X1e3HDuhL,abo-images-small/images/small/ab/ab3e28ae.jpg,Is there a fingerprint sensor?,Yes
81X1e3HDuhL,abo-images-small/images/small/ab/ab3e28ae.jpg,Is the case patterned?,Yes
71Rckkf-RNL,abo-images-small/images/small/6b/6bcd3f1e.jpg,How many camera lenses are visible?,One
71Rckkf-RNL,abo-images-small/images/small/6b/6bcd3f1e.jpg,What main shape appears on the case?,Heart
71Rckkf-RNL,abo-images-small/images/small/6b/6bcd3f1e.jpg,What color is the phone case?,Pink
71Rckkf-RNL,abo-images-small/images/small/6b/6bcd3f1e.jpg,Is there a clover shown?,Yes
71Rckkf-RNL,abo-images-small/images/small/6b/6bcd3f1e.jpg,Are there sparkles visible?,Yes
71AVbwWKqEL,abo-images-small/images/small/d6/d61f745a.jpg,What color is the background?,Black
71AVbwWKqEL,abo-images-small/images/small/d6/d61f745a.jpg,What shape are the balloons?,Hearts
71AVbwWKqEL,abo-images-small/images/small/d6/d61f745a.jpg,How many people are pictured?,Two
71AVbwWKqEL,abo-images-small/images/small/d6/d61f745a.jpg,Is the bucket empty?,No
71AVbwWKqEL,abo-images-small/images/small/d6/d61f745a.jpg,What is the gender of one character?,Boy
81vfFiwOh5L,abo-images-small/images/small/9f/9f9556fe.jpg,Is there a face?,Yes
81vfFiwOh5L,abo-images-small/images/small/9f/9f9556fe.jpg,What color is the hair?,Black
81vfFiwOh5L,abo-images-small/images/small/9f/9f9556fe.jpg,How many eyes are visible?,Two
81vfFiwOh5L,abo-images-small/images/small/9f/9f9556fe.jpg,Is there a camera hole?,Yes
81vfFiwOh5L,abo-images-small/images/small/9f/9f9556fe.jpg,Is the background white?,Yes
81fh5w4h8QL,abo-images-small/images/small/1d/1ddec6ff.jpg,What is the main color?,Black
81fh5w4h8QL,abo-images-small/images/small/1d/1ddec6ff.jpg,What animal is pictured?,Peacock
81fh5w4h8QL,abo-images-small/images/small/1d/1ddec6ff.jpg,Is there a camera cutout?,Yes
81fh5w4h8QL,abo-images-small/images/small/1d/1ddec6ff.jpg,What shape are the designs?,Oval
81fh5w4h8QL,abo-images-small/images/small/1d/1ddec6ff.jpg,How many lenses are visible?,Two
71Dcj39JyJL,abo-images-small/images/small/07/07b28b7a.jpg,Is there a camera?,Yes
71Dcj39JyJL,abo-images-small/images/small/07/07b28b7a.jpg,What is the dominant color?,Orange
71Dcj39JyJL,abo-images-small/images/small/07/07b28b7a.jpg,Is the phone rectangular?,Yes
71Dcj39JyJL,abo-images-small/images/small/07/07b28b7a.jpg,Are there cutouts visible?,Yes
71Dcj39JyJL,abo-images-small/images/small/07/07b28b7a.jpg,Is the object glossy?,Partially
61Zu3LxDW-L,abo-images-small/images/small/64/640b60fe.jpg,Is it black?,Yes
61Zu3LxDW-L,abo-images-small/images/small/64/640b60fe.jpg,Is there writing?,Yes
61Zu3LxDW-L,abo-images-small/images/small/64/640b60fe.jpg,Is there a crown?,Yes
61Zu3LxDW-L,abo-images-small/images/small/64/640b60fe.jpg,How many cameras?,Three
61Zu3LxDW-L,abo-images-small/images/small/64/640b60fe.jpg,Is it rectangular?,Yes
91ckIbI6i1L,abo-images-small/images/small/b2/b2d68acb.jpg,What shape is the phone case?,Rectangle
91ckIbI6i1L,abo-images-small/images/small/b2/b2d68acb.jpg,Is there a camera?,Yes
91ckIbI6i1L,abo-images-small/images/small/b2/b2d68acb.jpg,What is the background color?,Blue
91ckIbI6i1L,abo-images-small/images/small/b2/b2d68acb.jpg,Are the cutouts raised?,No
91ckIbI6i1L,abo-images-small/images/small/b2/b2d68acb.jpg,Is there a visible design?,Yes
71ZkXeehU1L,abo-images-small/images/small/f4/f48fab85.jpg,What color is the flower?,White
71ZkXeehU1L,abo-images-small/images/small/f4/f48fab85.jpg,Is there a neckline?,Yes
71ZkXeehU1L,abo-images-small/images/small/f4/f48fab85.jpg,What is the silhouette's gender?,Female
71ZkXeehU1L,abo-images-small/images/small/f4/f48fab85.jpg,What is the design's main color?,Pink
71ZkXeehU1L,abo-images-small/images/small/f4/f48fab85.jpg,Is the figure facing forward?,No
81WwbA-Rm+L,abo-images-small/images/small/8d/8da26e7c.jpg,What color is the case?,Red
81WwbA-Rm+L,abo-images-small/images/small/8d/8da26e7c.jpg,How many camera lenses?,One
81WwbA-Rm+L,abo-images-small/images/small/8d/8da26e7c.jpg,Is text visible?,Yes
81WwbA-Rm+L,abo-images-small/images/small/8d/8da26e7c.jpg,Does it have a design?,Yes
81WwbA-Rm+L,abo-images-small/images/small/8d/8da26e7c.jpg,What character is visible?,Number
61FqtrpFFLL,abo-images-small/images/small/fa/fa514f52.jpg,What color is the background?,Black
61FqtrpFFLL,abo-images-small/images/small/fa/fa514f52.jpg,Are there butterflies?,Yes
61FqtrpFFLL,abo-images-small/images/small/fa/fa514f52.jpg,How many cameras are visible?,Two
61FqtrpFFLL,abo-images-small/images/small/fa/fa514f52.jpg,Is there a fingerprint scanner?,Yes
61FqtrpFFLL,abo-images-small/images/small/fa/fa514f52.jpg,Is there a person?,Yes
71pMbVwJgDL,abo-images-small/images/small/e3/e3da4ee6.jpg,Is there purple?,Yes
71pMbVwJgDL,abo-images-small/images/small/e3/e3da4ee6.jpg,Is the design swirled?,Yes
71pMbVwJgDL,abo-images-small/images/small/e3/e3da4ee6.jpg,Is there green present?,Yes
71pMbVwJgDL,abo-images-small/images/small/e3/e3da4ee6.jpg,Is the cover rectangle?,Yes
71pMbVwJgDL,abo-images-small/images/small/e3/e3da4ee6.jpg,Are there any circles?,Many
61mXWPvKXcL,abo-images-small/images/small/29/29e140b7.jpg,What word is repeated?,Love
61mXWPvKXcL,abo-images-small/images/small/29/29e140b7.jpg,How many camera lenses are visible?,Three
61mXWPvKXcL,abo-images-small/images/small/29/29e140b7.jpg,What color is the background?,Red
61mXWPvKXcL,abo-images-small/images/small/29/29e140b7.jpg,Are the edges straight?,Yes
61mXWPvKXcL,abo-images-small/images/small/29/29e140b7.jpg,Is the cover patterned?,Yes
61RLRvcWDfL,abo-images-small/images/small/98/98a79c1c.jpg,What geometric shape is on the back?,Diagonal
61RLRvcWDfL,abo-images-small/images/small/98/98a79c1c.jpg,What color is the vehicle?,Turquoise
61RLRvcWDfL,abo-images-small/images/small/98/98a79c1c.jpg,Is there a camera hole?,Yes
61RLRvcWDfL,abo-images-small/images/small/98/98a79c1c.jpg,How many circles are visible?,Three
61RLRvcWDfL,abo-images-small/images/small/98/98a79c1c.jpg,What color is the lower triangle?,Pink
71Wz+3naXhL,abo-images-small/images/small/06/06251f3f.jpg,What animals are pictured?,Giraffes
71Wz+3naXhL,abo-images-small/images/small/06/06251f3f.jpg,What color is the sunset?,Orange
71Wz+3naXhL,abo-images-small/images/small/06/06251f3f.jpg,Is there a tree?,Yes
71Wz+3naXhL,abo-images-small/images/small/06/06251f3f.jpg,What shape is cut out?,Circle
71Wz+3naXhL,abo-images-small/images/small/06/06251f3f.jpg,Is there a camera hole?,Yes
71VtRu-GL2L,abo-images-small/images/small/2a/2aeae64e.jpg,What shape is repeated on the case?,Heart
71VtRu-GL2L,abo-images-small/images/small/2a/2aeae64e.jpg,Does the case have a camera hole?,Yes
71VtRu-GL2L,abo-images-small/images/small/2a/2aeae64e.jpg,What color dominates the phone case?,Pink
71VtRu-GL2L,abo-images-small/images/small/2a/2aeae64e.jpg,Is there green on the bottom corner?,Yes
71VtRu-GL2L,abo-images-small/images/small/2a/2aeae64e.jpg,Are there sparkles?,Yes
71IM8hd+UOL,abo-images-small/images/small/f7/f7e1bf3f.jpg,What's the background color?,Blue
71IM8hd+UOL,abo-images-small/images/small/f7/f7e1bf3f.jpg,Are there clouds?,Yes
71IM8hd+UOL,abo-images-small/images/small/f7/f7e1bf3f.jpg,How many cameras are visible?,One
71IM8hd+UOL,abo-images-small/images/small/f7/f7e1bf3f.jpg,Are there any flags?,Yes
71IM8hd+UOL,abo-images-small/images/small/f7/f7e1bf3f.jpg,Are there any ladders?,Yes
61dBx8NTMBL,abo-images-small/images/small/a5/a59853af.jpg,What shape is the object?,Rectangular
61dBx8NTMBL,abo-images-small/images/small/a5/a59853af.jpg,What number of people are shown?,Two
61dBx8NTMBL,abo-images-small/images/small/a5/a59853af.jpg,What's above the figures?,Sky
61dBx8NTMBL,abo-images-small/images/small/a5/a59853af.jpg,Are leaves present?,Yes
61dBx8NTMBL,abo-images-small/images/small/a5/a59853af.jpg,What is the dominant color?,Pink
710AUAwvlsL,abo-images-small/images/small/35/3564a02c.jpg,How many cameras?,Four
710AUAwvlsL,abo-images-small/images/small/35/3564a02c.jpg,Is there a letter?,Yes
710AUAwvlsL,abo-images-small/images/small/35/3564a02c.jpg,What letter is present?,V
710AUAwvlsL,abo-images-small/images/small/35/3564a02c.jpg,Is the background black?,Yes
710AUAwvlsL,abo-images-small/images/small/35/3564a02c.jpg,Are there silver circles?,Yes
61+7JCJrBLL,abo-images-small/images/small/01/013b697d.jpg,Is there a bow?,Yes
61+7JCJrBLL,abo-images-small/images/small/01/013b697d.jpg,What animal is pictured?,Cat
61+7JCJrBLL,abo-images-small/images/small/01/013b697d.jpg,Is the case square?,Yes
61+7JCJrBLL,abo-images-small/images/small/01/013b697d.jpg,What color is the background?,Pink
61+7JCJrBLL,abo-images-small/images/small/01/013b697d.jpg,Are there visible ears?,Yes
71CdYQVZKCL,abo-images-small/images/small/9b/9b29d49f.jpg,What color is prominent?,Red
71CdYQVZKCL,abo-images-small/images/small/9b/9b29d49f.jpg,Are there droplets?,Yes
71CdYQVZKCL,abo-images-small/images/small/9b/9b29d49f.jpg,Is the cover shiny?,Somewhat
71CdYQVZKCL,abo-images-small/images/small/9b/9b29d49f.jpg,What shape is the cutout?,Oval
71CdYQVZKCL,abo-images-small/images/small/9b/9b29d49f.jpg,Are there two colors?,Yes
71xJqIfH0mL,abo-images-small/images/small/99/997c8e1b.jpg,How many pink stripes?,Five
71xJqIfH0mL,abo-images-small/images/small/99/997c8e1b.jpg,What shape is it?,Rectangular
71xJqIfH0mL,abo-images-small/images/small/99/997c8e1b.jpg,Is there a camera hole?,Yes
71xJqIfH0mL,abo-images-small/images/small/99/997c8e1b.jpg,What is the other color?,Gold
71xJqIfH0mL,abo-images-small/images/small/99/997c8e1b.jpg,Are the stripes vertical?,No
81kVvoCxXJL,abo-images-small/images/small/a1/a149d1da.jpg,What is the cover's shape?,Rectangular
81kVvoCxXJL,abo-images-small/images/small/a1/a149d1da.jpg,Are there drops?,Yes
81kVvoCxXJL,abo-images-small/images/small/a1/a149d1da.jpg,What color is predominant?,Blue
81kVvoCxXJL,abo-images-small/images/small/a1/a149d1da.jpg,Is there a hole?,Yes
81kVvoCxXJL,abo-images-small/images/small/a1/a149d1da.jpg,Is the cover smooth?,No
71osvetsIAL,abo-images-small/images/small/3c/3c18ecb0.jpg,Is the cover vertical?,Yes
71osvetsIAL,abo-images-small/images/small/3c/3c18ecb0.jpg,Is there water?,Yes
71osvetsIAL,abo-images-small/images/small/3c/3c18ecb0.jpg,Is the sky visible?,Yes
71osvetsIAL,abo-images-small/images/small/3c/3c18ecb0.jpg,What color is mostly visible?,Orange
71osvetsIAL,abo-images-small/images/small/3c/3c18ecb0.jpg,Is there a boat?,Yes
81YNqfL6cFL,abo-images-small/images/small/f7/f707d56c.jpg,Is there a camera?,Yes
81YNqfL6cFL,abo-images-small/images/small/f7/f707d56c.jpg,What color is dominant?,Blue
81YNqfL6cFL,abo-images-small/images/small/f7/f707d56c.jpg,Are there circles?,Yes
81YNqfL6cFL,abo-images-small/images/small/f7/f707d56c.jpg,Is the background orange?,Yes
81YNqfL6cFL,abo-images-small/images/small/f7/f707d56c.jpg,Are there green shapes?,Yes
81PBi+rheNL,abo-images-small/images/small/01/016bc043.jpg,Is the object rectangular?,Yes
81PBi+rheNL,abo-images-small/images/small/01/016bc043.jpg,What shape is the opening?,Circle
81PBi+rheNL,abo-images-small/images/small/01/016bc043.jpg,What color is at the bottom?,Green
81PBi+rheNL,abo-images-small/images/small/01/016bc043.jpg,Is there glitter?,Yes
81PBi+rheNL,abo-images-small/images/small/01/016bc043.jpg,Is there purple?,Yes
71lw9p6GQVL,abo-images-small/images/small/9d/9d158e4b.jpg,Is there a cup?,Yes
71lw9p6GQVL,abo-images-small/images/small/9d/9d158e4b.jpg,What shape is the phone case?,Rectangular
71lw9p6GQVL,abo-images-small/images/small/9d/9d158e4b.jpg,Is there a smiling face?,Yes
71lw9p6GQVL,abo-images-small/images/small/9d/9d158e4b.jpg,What color is the cup?,White
71lw9p6GQVL,abo-images-small/images/small/9d/9d158e4b.jpg,Is there a tower?,Yes
61FSlfwmdsL,abo-images-small/images/small/ed/ed4b899a.jpg,What color is the case?,Black
61FSlfwmdsL,abo-images-small/images/small/ed/ed4b899a.jpg,What word is repeated?,Sweet
61FSlfwmdsL,abo-images-small/images/small/ed/ed4b899a.jpg,Is the case rectangular?,Yes
61FSlfwmdsL,abo-images-small/images/small/ed/ed4b899a.jpg,Are there lips pictured?,Two
61FSlfwmdsL,abo-images-small/images/small/ed/ed4b899a.jpg,Is there a logo?,No
61Nv3dDmavL,abo-images-small/images/small/dc/dc450968.jpg,Is there a screen protector?,Yes
61Nv3dDmavL,abo-images-small/images/small/dc/dc450968.jpg,Is the phone brand visible?,Yes
61Nv3dDmavL,abo-images-small/images/small/dc/dc450968.jpg,What color is the phone?,Blue
61Nv3dDmavL,abo-images-small/images/small/dc/dc450968.jpg,Are there three cameras?,Yes
61Nv3dDmavL,abo-images-small/images/small/dc/dc450968.jpg,Is there writing on the screen?,Yes
71dfKi-QzDL,abo-images-small/images/small/99/9972412c.jpg,How many giraffes?,Two
71dfKi-QzDL,abo-images-small/images/small/99/9972412c.jpg,Is the sky red?,Yes
71dfKi-QzDL,abo-images-small/images/small/99/9972412c.jpg,What object is in the sky?,Sun
71dfKi-QzDL,abo-images-small/images/small/99/9972412c.jpg,Are there leaves on the tree?,No
71dfKi-QzDL,abo-images-small/images/small/99/9972412c.jpg,What color is the ground?,Black
81jSvLSBqQL,abo-images-small/images/small/5e/5ecb26e2.jpg,What is near top?,Brick
81jSvLSBqQL,abo-images-small/images/small/5e/5ecb26e2.jpg,How many circles?,Two
81jSvLSBqQL,abo-images-small/images/small/5e/5ecb26e2.jpg,What covers most?,Tree
81jSvLSBqQL,abo-images-small/images/small/5e/5ecb26e2.jpg,What color tree?,Dark
81jSvLSBqQL,abo-images-small/images/small/5e/5ecb26e2.jpg,Is camera present?,Yes
71Mre8toEoL,abo-images-small/images/small/ec/ec7c1675.jpg,What color is the background?,Black
71Mre8toEoL,abo-images-small/images/small/ec/ec7c1675.jpg,How many hearts are present?,Two
71Mre8toEoL,abo-images-small/images/small/ec/ec7c1675.jpg,Does the cover have cutouts?,Yes
71Mre8toEoL,abo-images-small/images/small/ec/ec7c1675.jpg,What color are the letters?,Gold
71Mre8toEoL,abo-images-small/images/small/ec/ec7c1675.jpg,What is the message?,Happy
71tST6uhlpL,abo-images-small/images/small/c0/c075e675.jpg,What color is the background?,Black
71tST6uhlpL,abo-images-small/images/small/c0/c075e675.jpg,How many people appear?,Two
71tST6uhlpL,abo-images-small/images/small/c0/c075e675.jpg,Is there a heart?,Yes
71tST6uhlpL,abo-images-small/images/small/c0/c075e675.jpg,What shape is the camera cutout?,Square
71tST6uhlpL,abo-images-small/images/small/c0/c075e675.jpg,What shape is the object beneath the people?,Bucket
614oEGPJzLL,abo-images-small/images/small/0b/0bb12466.jpg,Is the phone vertical?,Yes
614oEGPJzLL,abo-images-small/images/small/0b/0bb12466.jpg,What color is on the left?,Pink
614oEGPJzLL,abo-images-small/images/small/0b/0bb12466.jpg,Are headphones visible?,Yes
614oEGPJzLL,abo-images-small/images/small/0b/0bb12466.jpg,What shape is the lens?,Circle
614oEGPJzLL,abo-images-small/images/small/0b/0bb12466.jpg,Are buttons present?,No
71B6NFpAyeL,abo-images-small/images/small/b9/b923ee92.jpg,What emotion is displayed?,Happy
71B6NFpAyeL,abo-images-small/images/small/b9/b923ee92.jpg,What color is the background?,Blue
71B6NFpAyeL,abo-images-small/images/small/b9/b923ee92.jpg,Is there a camera hole?,Yes
71B6NFpAyeL,abo-images-small/images/small/b9/b923ee92.jpg,Is the phone case shiny?,Yes
71B6NFpAyeL,abo-images-small/images/small/b9/b923ee92.jpg,How many eyes are visible?,Two
71YNhHAd1zL,abo-images-small/images/small/13/13726c1d.jpg,Is case decorated?,Yes
71YNhHAd1zL,abo-images-small/images/small/13/13726c1d.jpg,What is on screen?,Cloud
71YNhHAd1zL,abo-images-small/images/small/13/13726c1d.jpg,Does case have text?,Yes
71YNhHAd1zL,abo-images-small/images/small/13/13726c1d.jpg,Are there feathers?,Yes
71YNhHAd1zL,abo-images-small/images/small/13/13726c1d.jpg,What color is the sky?,Purple
71QG1Dw84sL,abo-images-small/images/small/d8/d84b5c6a.jpg,Is the phone vertically oriented?,Yes
71QG1Dw84sL,abo-images-small/images/small/d8/d84b5c6a.jpg,What number is on the case?,Ten
71QG1Dw84sL,abo-images-small/images/small/d8/d84b5c6a.jpg,Is there a camera?,Yes
71QG1Dw84sL,abo-images-small/images/small/d8/d84b5c6a.jpg,What is the cover's color?,Orange
71QG1Dw84sL,abo-images-small/images/small/d8/d84b5c6a.jpg,Are there chains visible?,Yes
71ffB-8W57L,abo-images-small/images/small/3d/3d5213a2.jpg,Are there two bulbs?,Yes
71ffB-8W57L,abo-images-small/images/small/3d/3d5213a2.jpg,Is the background colorful?,Yes
71ffB-8W57L,abo-images-small/images/small/3d/3d5213a2.jpg,Is there a camera hole?,Yes
71ffB-8W57L,abo-images-small/images/small/3d/3d5213a2.jpg,Are the bulbs round?,Yes
71ffB-8W57L,abo-images-small/images/small/3d/3d5213a2.jpg,Is the product vertical?,Yes
61E1MSkAb7L,abo-images-small/images/small/83/83392682.jpg,What letter is displayed?,Q
61E1MSkAb7L,abo-images-small/images/small/83/83392682.jpg,Are there buttons visible?,Yes
61E1MSkAb7L,abo-images-small/images/small/83/83392682.jpg,Is there a camera shown?,Yes
61E1MSkAb7L,abo-images-small/images/small/83/83392682.jpg,What color is the letter?,Gold
61E1MSkAb7L,abo-images-small/images/small/83/83392682.jpg,Is there a design?,Floral
A1Yf8C4sH3L,abo-images-small/images/small/e2/e2c99071.jpg,What is the shape of the rug?,Rectangular
A1Yf8C4sH3L,abo-images-small/images/small/e2/e2c99071.jpg,Is there sunlight visible?,Yes
A1Yf8C4sH3L,abo-images-small/images/small/e2/e2c99071.jpg,What is the main background color?,Beige
A1Yf8C4sH3L,abo-images-small/images/small/e2/e2c99071.jpg,Are there borders?,Yes
A1Yf8C4sH3L,abo-images-small/images/small/e2/e2c99071.jpg,Is the rug rolled?,No
71c5L+TZzEL,abo-images-small/images/small/86/86f0b1d7.jpg,Are there pandas?,Yes
71c5L+TZzEL,abo-images-small/images/small/86/86f0b1d7.jpg,What is the phone's color?,White
71c5L+TZzEL,abo-images-small/images/small/86/86f0b1d7.jpg,Is the case decorated?,Yes
71c5L+TZzEL,abo-images-small/images/small/86/86f0b1d7.jpg,What animal is pictured?,Panda
71c5L+TZzEL,abo-images-small/images/small/86/86f0b1d7.jpg,Are the pandas cartoonish?,Yes
71lW3JDiVDL,abo-images-small/images/small/21/21ed8fd9.jpg,What shape is above the camera?,Oval
71lW3JDiVDL,abo-images-small/images/small/21/21ed8fd9.jpg,What is the phone's background color?,White
71lW3JDiVDL,abo-images-small/images/small/21/21ed8fd9.jpg,Are any figures wearing a veil?,Yes
71lW3JDiVDL,abo-images-small/images/small/21/21ed8fd9.jpg,Are the figures smiling?,No
71lW3JDiVDL,abo-images-small/images/small/21/21ed8fd9.jpg,What shape are the earrings?,Circle
71Xmf-FoM5L,abo-images-small/images/small/aa/aa16ceb0.jpg,Is there a blanket?,Yes
71Xmf-FoM5L,abo-images-small/images/small/aa/aa16ceb0.jpg,What is the animal?,Kitten
71Xmf-FoM5L,abo-images-small/images/small/aa/aa16ceb0.jpg,How many eyes visible?,Two
71Xmf-FoM5L,abo-images-small/images/small/aa/aa16ceb0.jpg,What color are the eyes?,Green
71Xmf-FoM5L,abo-images-small/images/small/aa/aa16ceb0.jpg,Is the animal awake?,Maybe
61AC9tpTiOL,abo-images-small/images/small/04/049ec6ac.jpg,Is the background black?,Yes
61AC9tpTiOL,abo-images-small/images/small/04/049ec6ac.jpg,Does the cover have text?,Yes
61AC9tpTiOL,abo-images-small/images/small/04/049ec6ac.jpg,Is there a cutout?,Yes
61AC9tpTiOL,abo-images-small/images/small/04/049ec6ac.jpg,Are there lips present?,Yes
61AC9tpTiOL,abo-images-small/images/small/04/049ec6ac.jpg,Is it rectangular?,Yes
81TiVWbF4sL,abo-images-small/images/small/0a/0a5c2495.jpg,What shape is the heel?,Block
81TiVWbF4sL,abo-images-small/images/small/0a/0a5c2495.jpg,What closure does it have?,Buckle
81TiVWbF4sL,abo-images-small/images/small/0a/0a5c2495.jpg,Is there a platform?,Yes
81TiVWbF4sL,abo-images-small/images/small/0a/0a5c2495.jpg,What is the toe style?,Open
81TiVWbF4sL,abo-images-small/images/small/0a/0a5c2495.jpg,What direction do the straps cross?,Diagonal
71tUwv8A5LL,abo-images-small/images/small/0f/0f2772cb.jpg,What side is orange?,Left
71tUwv8A5LL,abo-images-small/images/small/0f/0f2772cb.jpg,Are there stripes?,Yes
71tUwv8A5LL,abo-images-small/images/small/0f/0f2772cb.jpg,What color is camera?,Black
71tUwv8A5LL,abo-images-small/images/small/0f/0f2772cb.jpg,What shape is phone?,Rectangle
71tUwv8A5LL,abo-images-small/images/small/0f/0f2772cb.jpg,Is it vertical?,Yes
71jnZWvlYyL,abo-images-small/images/small/fd/fde11ad9.jpg,Is there a camera?,Yes
71jnZWvlYyL,abo-images-small/images/small/fd/fde11ad9.jpg,What color are flowers?,Blue
71jnZWvlYyL,abo-images-small/images/small/fd/fde11ad9.jpg,Is the cover rectangular?,No
71jnZWvlYyL,abo-images-small/images/small/fd/fde11ad9.jpg,Are there stems?,Yes
71jnZWvlYyL,abo-images-small/images/small/fd/fde11ad9.jpg,Is the background colorful?,Yes
81z9SH4HcWL,abo-images-small/images/small/82/829158cb.jpg,What shape is the design?,Circles
81z9SH4HcWL,abo-images-small/images/small/82/829158cb.jpg,What color is behind circles?,Orange
81z9SH4HcWL,abo-images-small/images/small/82/829158cb.jpg,What is the cover's orientation?,Vertical
81z9SH4HcWL,abo-images-small/images/small/82/829158cb.jpg,Is camera lens visible?,Yes
81z9SH4HcWL,abo-images-small/images/small/82/829158cb.jpg,What is the predominant color?,Blue
81GbNLAfTNL,abo-images-small/images/small/38/38a31c22.jpg,What shape is the cover?,Rectangular
81GbNLAfTNL,abo-images-small/images/small/38/38a31c22.jpg,What is the pattern?,Leaves
81GbNLAfTNL,abo-images-small/images/small/38/38a31c22.jpg,What color are the leaves?,Brown
81GbNLAfTNL,abo-images-small/images/small/38/38a31c22.jpg,Is there a camera?,Yes
81GbNLAfTNL,abo-images-small/images/small/38/38a31c22.jpg,Is the cover textured?,Yes
61oCLPh67GL,abo-images-small/images/small/27/27a94ccf.jpg,Are there flowers?,Yes
61oCLPh67GL,abo-images-small/images/small/27/27a94ccf.jpg,Is heart visible?,Yes
61oCLPh67GL,abo-images-small/images/small/27/27a94ccf.jpg,Is there lettering?,Yes
61oCLPh67GL,abo-images-small/images/small/27/27a94ccf.jpg,What color are petals?,Purple
61oCLPh67GL,abo-images-small/images/small/27/27a94ccf.jpg,Is the case clear?,Yes
81T414qJe+L,abo-images-small/images/small/35/353a2cbc.jpg,What shape are the designs?,Hearts
81T414qJe+L,abo-images-small/images/small/35/353a2cbc.jpg,What color is the background?,Pink
81T414qJe+L,abo-images-small/images/small/35/353a2cbc.jpg,Is there a camera hole?,Yes
81T414qJe+L,abo-images-small/images/small/35/353a2cbc.jpg,What direction does gradient go?,Downward
81T414qJe+L,abo-images-small/images/small/35/353a2cbc.jpg,How many rows of hearts?,Five
71ddEzH3UAL,abo-images-small/images/small/5d/5dafe2ea.jpg,What is the background color?,White
71ddEzH3UAL,abo-images-small/images/small/5d/5dafe2ea.jpg,What shape dominates the cover?,Triangle
71ddEzH3UAL,abo-images-small/images/small/5d/5dafe2ea.jpg,Is there a camera hole?,Yes
71ddEzH3UAL,abo-images-small/images/small/5d/5dafe2ea.jpg,Is the color scheme monochromatic?,No
71ddEzH3UAL,abo-images-small/images/small/5d/5dafe2ea.jpg,What is the predominant color?,Blue
610MdyvDxmL,abo-images-small/images/small/1e/1ea321e1.jpg,What is the cover's background color?,Blue
610MdyvDxmL,abo-images-small/images/small/1e/1ea321e1.jpg,Are there triangles present?,Yes
610MdyvDxmL,abo-images-small/images/small/1e/1ea321e1.jpg,How many camera lenses are visible?,Three
610MdyvDxmL,abo-images-small/images/small/1e/1ea321e1.jpg,What pattern is repeating?,Floral
610MdyvDxmL,abo-images-small/images/small/1e/1ea321e1.jpg,Is the cover curved?,Yes
81zAQDuB0hL,abo-images-small/images/small/32/32dea0ca.jpg,What color is dominant?,Pink
81zAQDuB0hL,abo-images-small/images/small/32/32dea0ca.jpg,Are buttons present?,Yes
81zAQDuB0hL,abo-images-small/images/small/32/32dea0ca.jpg,Is there white?,Yes
81zAQDuB0hL,abo-images-small/images/small/32/32dea0ca.jpg,Is a design visible?,Yes
81zAQDuB0hL,abo-images-small/images/small/32/32dea0ca.jpg,What shape is it?,Rectangle
71381ya2hEL,abo-images-small/images/small/bc/bc79640a.jpg,Is there writing?,Yes
71381ya2hEL,abo-images-small/images/small/bc/bc79640a.jpg,What shape is the phone?,Rectangular
71381ya2hEL,abo-images-small/images/small/bc/bc79640a.jpg,What color is background?,Blue
71381ya2hEL,abo-images-small/images/small/bc/bc79640a.jpg,Is there a graphic?,Crown
71381ya2hEL,abo-images-small/images/small/bc/bc79640a.jpg,How many holes are present?,Three
61WBEyldOVL,abo-images-small/images/small/ba/bac87b95.jpg,Is it raining?,Yes
61WBEyldOVL,abo-images-small/images/small/ba/bac87b95.jpg,How many people?,Two
61WBEyldOVL,abo-images-small/images/small/ba/bac87b95.jpg,Is case black?,Yes
61WBEyldOVL,abo-images-small/images/small/ba/bac87b95.jpg,Is kissing present?,No
61WBEyldOVL,abo-images-small/images/small/ba/bac87b95.jpg,Is the drawing colored?,No
81EHLflt8LL,abo-images-small/images/small/06/069fa4e2.jpg,What shape is the port?,Circle
81EHLflt8LL,abo-images-small/images/small/06/069fa4e2.jpg,Is there a design?,Yes
81EHLflt8LL,abo-images-small/images/small/06/069fa4e2.jpg,How many colors visible?,Two
81EHLflt8LL,abo-images-small/images/small/06/069fa4e2.jpg,What device is this for?,Phone
81EHLflt8LL,abo-images-small/images/small/06/069fa4e2.jpg,What is the object's orientation?,Vertical
71959zqi1UL,abo-images-small/images/small/cd/cd54757c.jpg,Is the person wearing yellow?,Yes
71959zqi1UL,abo-images-small/images/small/cd/cd54757c.jpg,Is there a mountain?,Yes
71959zqi1UL,abo-images-small/images/small/cd/cd54757c.jpg,What is on the dock?,Person
71959zqi1UL,abo-images-small/images/small/cd/cd54757c.jpg,What type of transportation is shown?,Boat
71959zqi1UL,abo-images-small/images/small/cd/cd54757c.jpg,What body of water is visible?,Lake
